product_id,name,original_price,brand
12831, Nike Air Force 1 '07 Low White ,139000,nike
21935, Nike Air Force 1 '07 WB Flax ,169000,nike
441592, Nike Kobe 6 Protro Sail ,209000,nike
36, Nike Air Force 1 '07 Low Triple Black ,139000,nike
13100, (W) Nike Air Force 1 '07 Low White ,139000,nike
219423, (W) Nike Air Force 1 '07 WB Flax Wheat ,179400,nike
266889, Nike V2K Run Metallic Silver White ,139000,nike
250825, (W) Nike Shox R4 Black ,179000,nike
24137, Nike P-6000 Metallic Silver ,172800,nike
179981, (W) Nike Air Force 1 '07 Cacao Wow ,169000,nike
18402, (W) Nike Air Force 1 '07 Low Triple Black ,129600,nike
266659, Nike V2K Run Black Anthracite ,139000,nike
137241, Nike V2K Run Summit White Metallic Silver ,139000,nike
21441, (W) Nike Shox TL Black and Max Orange ,209000,nike
435348, (W) Nike Air Superfly Metallic Silver and Black ,119000,nike
316783, Nike x Peaceminusone Air Force 1 Low Para-Noise 3.0 Black and Multicolor ,239000,nike
402232, Nike Shox R4 Metallic Silver Red ,179000,nike
41193, Nike Dunk Low Retro Grey Fog ,139000,nike
28029, Nike Dunk Low Retro Black ,139000,nike
397368, Nike x Travis Scott Zoom Field Jaxx White and Light Chocolate ,209000,nike
183515, Nike Court Vision Low Sail Light Orewood Brown ,120600,nike
229964, Nike V2K Run Light Orewood Brown Khaki ,139000,nike
138416, Nike Zoom Vomero 5 SP Black ,189000,nike
23632, Nike x Supreme Air Force 1 Low White ,169900,nike
181385, Nike V2K Run Black Anthracite ,139000,nike
97347, (W) Nike Zoom Vomero 5 Photon Dust and Metallic Silver ,189000,nike
9655, Nike x J.Crew Killshot 2 Sail Midnight Navy ,109000,nike
23626, Nike x Supreme Air Force 1 Low Black ,169900,nike
381095, (W) Nike V2K Run Black Dark Smoke Grey ,0,nike
81175, (W) Nike Zoom Vomero 5 Cobblestone and Flat Pewter ,189000,nike
252533, Nike Zoom Vomero 5 Photon Dust Gridiron ,189000,nike
107805, Nike ZoomX Vaporfly Next% 3 White Grey ,299000,nike
250821, (W) Nike Shox R4 White Metallic Silver ,179000,nike
178268, (W) Nike Cortez Sail Cacao Wow ,139000,nike
144683, Nike P-6000 Flat Pewter Light Iron Ore ,139000,nike
229945, Nike V2K Run Pure Platinum Wolf Grey ,139000,nike
422165, Nike Kobe 5 Protro Year of the Mamba Eggplant ,239000,nike
78768, Nike Air Force 1 '07 LV8 Midnight Navy ,139000,nike
28180, Nike Air Force 1 '07 White Black ,139000,nike
23879, Nike Air Zoom Spiridon Cage 2 Metallic Silver ,0,nike
211029, Nike Kobe 6 Protro Reverse ,219000,nike
442814, (GS) Nike Kobe 6 Protro Sail ,139000,nike
368749, Nike Zoom Fly 6 White Smoke Grey ,209000,nike
379514, Nike Zoom Fly 6 Eliud Kipchoge ,219000,nike
388425, Nike Pegasus 41 Eliud Kipchoge ,169000,nike
273000, (W) Nike Cortez Leather White Black ,119000,nike
271895, Nike V2K Run Pure Platinum Light Iron Ore ,139000,nike
270425, Nike Cortez White Black ,129600,nike
396523, (W) Nike Air Max Muse Black and Metallic Silver ,179000,nike
112656, Nike ACG Moc Summit White and Black ,109000,nike
15251, Adidas Samba OG Cloud White ,149000,adidas
82296, Adidas Tobacco Gruen Dark Brown ,139000,adidas
15248, Adidas Samba OG Black White Gum ,149000,adidas
26344, Adidas Superstar Core Black White ,139000,adidas
96970, Adidas Tobacco Pantone Mesa ,139000,adidas
216830, Adidas VL Court 2.0 Cream Brown ,0,adidas
122782, Adidas Bermuda Glow Pink ,139000,adidas
350536, Adidas Samba OG Cream White Dark Brown ,139000,adidas
377230, Adidas x Song for the Mute Country OG Core Black Cream White ,179000,adidas
218041, (W) Adidas Ozgaia Core Black ,120600,adidas
15889, Adidas Gazelle Triple Black ,115200,adidas
76368, (J) Adidas Superstar Black White ,109000,adidas
196266, (W) Adidas Samba OG Cream White Core Black ,139000,adidas
41205, Adidas Spezial Handball Collegiate Navy ,139000,adidas
50676, Adidas Spezial Handball Core Black ,139000,adidas
48974, Adidas Superstar 82 Black White ,151700,adidas
323894, Adidas Gazelle Auburn Clear Pink ,129000,adidas
329970, Adidas Stan Smith Decon Core Black ,179000,adidas
377231, Adidas x Song for the Mute Country OG Bronze Strata Wild Brown ,179000,adidas
227047, (W) Adidas Spezial Handball Wonder White Core Black ,158400,adidas
140265, (W) Adidas Spezial Handball Clear Pink ,139000,adidas
283323, Adidas Neo VL Court 2.0 White Blue ,0,adidas
187442, Adidas VL Court Base Cloud White Core Black ,0,adidas
278102, Adidas Spezial Handball Night Indigo ,139000,adidas
300622, (W) Adidas Taekwondo Core Black Cloud White ,139000,adidas
248287, (W) Adidas Spezial Handball Earth Strata Off White ,139000,adidas
216480, (W) Adidas SL 72 OG Maroon Almost Yellow ,161300,adidas
427800, (W) Adidas x Taqwa Bint Ali Megaride Mary Jane Iron Metallic Cyber Metallic ,288000,adidas
86123, Adidas Tobacco Gruen Cream White Bliss ,139000,adidas
80819, Adidas Superstar 82 FI Core Black ,159000,adidas
30987, Adidas Superstar White Black ,109000,adidas
367655, Adidas Stadt Grey Three Grey Five ,109000,adidas
47058, Adidas Spezial Handball Light Blue ,139000,adidas
76479, Adidas Tobacco Gruen Collegiate Burgundy ,139000,adidas
67193, Adidas Adilette Clog Black White ,55000,adidas
305620, (W) Adidas Samba OG Cloud White Wonder Quartz ,144000,adidas
168701, Adidas Spezial Handball Scarlet Cloud White ,158400,adidas
187443, Adidas VL Court Base Core Black Cloud White ,0,adidas
216183, (W) Adidas Spezial Handball Core Black Clear Pink ,139000,adidas
293285, Adidas x Inter Miami CF Samba Core Black Light Pink ,172800,adidas
385216, Adidas x Song for the Mute Country OG Maroon Core Black ,179000,adidas
231430, (W) Adidas Samba OG Core Black Wonder White ,139000,adidas
349664, (W) Adidas Tokyo Black ,139000,adidas
163261, (W) Adidas Gazelle Bold Cream White Collegiate Green ,139000,adidas
91629, (W) Adidas Gazelle Bold Pink Glow Victory Blue ,139000,adidas
274107, Adidas Stadt Magic Beige ,0,adidas
312335, (W) Adidas Bermuda Preloved Brown ,0,adidas
354606, Adidas Stadt Core Black Carbon ,109000,adidas
64439, Adidas Yeezy Foam RNNR Onyx ,129000,adidas
90918, (W) Adidas Gazelle Indoor Blue Fusion Cloud White ,169000,adidas
430299, Jordan 1 High 85 Bred ,299000,jordan
381854, Jordan 1 Retro High OG Black Toe ,219000,jordan
374148, Jordan 1 x Travis Scott Retro Low OG SP Velvet Brown and Dark Mocha ,179000,jordan
346516, Jordan 1 x Travis Scott Retro Low OG SP Reverse Olive ,179000,jordan
441327, Jordan 1 x Tune High 85 Bred (Special Package) ,299000,jordan
36237, (W) Jordan 1 Low White Wolf Grey ,139000,jordan
83900, Jordan 1 Retro High OG Chicago 2022 ,209000,jordan
67945, Jordan 1 x Travis Scott Retro Low OG SP Sail and Ridgerock ,189000,jordan
332894, Jordan 1 Retro Low OG Mocha ,169000,jordan
389760, Jordan 1 Retro Low OG Game Royal ,169000,jordan
288640, (W) Jordan 1 x Travis Scott Retro Low OG SP Canary ,179000,jordan
387793, Jordan x Travis Scott Jumpman Jack TR Black and Dark Mocha ,239000,jordan
147936, Jordan 1 Retro Low OG Black Toe ,169000,jordan
38367, Jordan 1 x Travis Scott x Fragment Retro Low OG SP Military Blue ,189000,jordan
23354, Jordan 1 Mid Light Smoke Grey ,159000,jordan
308805, Jordan 1 Retro Low OG Wolf Grey and White ,169000,jordan
343162, Jordan 1 Retro High OG Midnight Navy ,219000,jordan
89369, Jordan 1 x Travis Scott Retro Low OG SP Black Phantom ,189000,jordan
8004, Jordan 1 Retro High OG Black Toe 2016 ,230400,jordan
52130, Jordan 1 Retro High OG Heritage ,209000,jordan
7658, Jordan 1 Retro High OG Bred Banned 2016 ,230400,jordan
425657, Jordan 5 Retro OG Reimagined ,249000,jordan
361097, Jordan 1 Retro Low OG Gym Red and Midnight Navy ,169000,jordan
109984, (W) Jordan 1 x Travis Scott Retro Low OG SP Medium Olive ,179000,jordan
113527, (W) Jordan 1 Low Black and White ,139000,jordan
98013, Jordan 1 High 85 Black White ,239000,jordan
25922, Jordan 1 Retro High OG Black Mocha ,199000,jordan
45326, Jordan 1 Retro High OG Patent Bred ,199000,jordan
17628, Jordan 1 x Union Retro High Black Toe ,273600,jordan
145303, Jordan 1 Low Kkachi ,159000,jordan
47257, Jordan 1 Mid Light Smoke Grey Anthracite ,149000,jordan
23536, Jordan 1 Low Paris ,149000,jordan
281127, Jordan 1 Retro Low OG Shadow ,169000,jordan
72385, Jordan 1 Retro High OG Taxi ,209000,jordan
237579, Jordan x Travis Scott Jumpman Jack TR Sail and Dark Mocha ,239000,jordan
66930, Jordan 1 Low Stealth and White ,129000,jordan
23940, (W) Jordan 1 Low UNC University Blue ,119000,jordan
70263, Jordan 1 Retro Low OG Black and Dark Powder Blue ,159000,jordan
408000, (PS) Jordan 1 x Travis Scott Retro Low OG SP Velvet Brown and Dark Mocha ,79000,jordan
354254, (PS) Jordan 1 x Travis Scott Retro Low OG SP Reverse Olive ,79000,jordan
19328, Jordan 1 Retro High OG Defiant Couture ,252000,jordan
27986, Jordan 1 Retro High OG University Blue ,199000,jordan
354255, (TD) Jordan 1 x Travis Scott Retro Low OG SP Reverse Olive ,65000,jordan
77086, Jordan 1 Retro High OG Vachetta Tan ,209000,jordan
25789, Jordan 1 Low Light Smoke Grey ,119000,jordan
236450, Jordan 4 Retro Bred Reimagined ,249000,jordan
74156, Jordan 1 Retro High OG Stealth ,209000,jordan
408001, (TD) Jordan 1 x Travis Scott Retro Low OG SP Velvet Brown and Dark Mocha ,65000,jordan
332043, Jordan 1 Low White Midnight Navy ,165600,jordan
122102, Jordan 1 Retro High Spider-Man Next Chapter ,239000,jordan
25785, New Balance 2002R Grey ,169000,new%20balance
418841, New Balance 740v2 Black Silver Metallic ,139000,new%20balance
23852, New Balance 993 Made in USA Grey - D Standard ,279000,new%20balance
28260, New Balance 530 Steel Grey ,129000,new%20balance
226053, New Balance 1906R Harbor Grey Silver Metalic ,179000,new%20balance
186600, New Balance 1906R Triple Black ,179000,new%20balance
101218, New Balance 530 Premium Vintage Grey Matter ,159000,new%20balance
422895, New Balance 530 White Silver Metallic ,0,new%20balance
102871, New Balance 2002R Premium Vintage Grey ,189000,new%20balance
44101, New Balance 410v5 Black - 2E Wide ,99000,new%20balance
23854, (W) New Balance 993 Made in USA Grey - B Standard ,279000,new%20balance
65216, New Balance 574 Legacy Navy ,149000,new%20balance
135624, New Balance 530 Grey ,139000,new%20balance
23928, New Balance 530 White ,119000,new%20balance
398569, New Balance x JJJJound 993 Made in USA Mushroom White ,309000,new%20balance
257712, New Balance x Pottery 574 Premium Hard Navy ,149000,new%20balance
16362, New Balance 991 Made in UK Navy ,259000,new%20balance
16355, New Balance 993 Made in USA Black - D Standard ,288000,new%20balance
24794, New Balance 878 Triple Black ,149000,new%20balance
90805, New Balance 530 White Silver ,119000,new%20balance
23523, New Balance 992 Made in USA Grey - D Standard ,259000,new%20balance
102872, New Balance 2002R Premium Vintage Black ,189000,new%20balance
385699, New Balance 1906R Pistachio Butter Morel ,219000,new%20balance
429528, New Balance 991v2 Made in UK Black Grey ,309000,new%20balance
16354, New Balance 993 Made in USA Navy - D Standard ,288000,new%20balance
29249, New Balance 2002R T2 Gray ,149000,new%20balance
16361, New Balance 991 Made in UK Grey ,259000,new%20balance
380699, New Balance ML610 Dark Arctic Grey Moonrock ,159000,new%20balance
89436, New Balance 530 Classic Black ,139000,new%20balance
41279, New Balance 878 Gray ,149000,new%20balance
63212, New Balance 990v1 Made in USA Grey White ,259000,new%20balance
65217, New Balance 574 Legacy Black ,149000,new%20balance
435203, New Balance 1906L Black Black Cement ,226100,new%20balance
65218, New Balance 574 Legacy Grey ,149000,new%20balance
83887, New Balance 990v6 Made in USA Grey - D Standard ,289000,new%20balance
218799, New Balance 2002R Premium Vintage Navy Grey ,189000,new%20balance
43144, New Balance 990v3 Made in USA Grey - D Standard ,259000,new%20balance
73059, New Balance 1906R White Gold ,179000,new%20balance
260123, New Balance 996 Grey ,139000,new%20balance
366015, New Balance 509 Black ,159000,new%20balance
98286, New Balance x JJJJound 991 Made in UK Grey ,319000,new%20balance
25469, New Balance 2002R Gray ,179000,new%20balance
226052, New Balance 1906R Silver Metallic Sea Salt ,179000,new%20balance
215023, New Balance 991v2 Made in UK Dark Navy Smoked Pearl ,309000,new%20balance
24008, New Balance 530 Ivory ,109000,new%20balance
187659, New Balance 991v2 Made in UK Rock Ridge Alloy Sliver ,309000,new%20balance
381872, New Balance 509 Black ,139000,new%20balance
317696, New Balance 1906A Silver Metallic Castlerock ,239000,new%20balance
74712, New Balance 574 Heritage Orange Burst White ,139000,new%20balance
178942, New Balance 530 Grey Matter Silver Metallic ,129000,new%20balance
13242, Converse Chuck 70 Hi Black ,99000,converse
13243, Converse Chuck 70 Ox Black ,95000,converse
93849, Converse x Drkshdw Turbowpn Black Cream ,249000,converse
23509, Converse x Play Comme des Garcons Chuck 70 Ox Black ,198000,converse
47881, Converse Chuck Taylor All Star Ox Black ,55000,converse
36193, Converse Chuck 70 Ox Parchment ,95000,converse
13244, Converse Chuck 70 High Parchment ,99000,converse
13494, (W) Converse Chuck Taylor All Star Lift Ox White Black ,93600,converse
23510, Converse x Play Comme des Garcons Chuck 70 Ox White ,198000,converse
41992, Converse Chuck 70 Ox White ,95000,converse
231513, Converse Chuck 70 Leather Zip Black ,0,converse
92301, Converse x Ader Error Chuck 70 High White ,129000,converse
99598, Converse Chuck 70 High Plus Black ,109000,converse
64629, Converse x Stussy Chuck 70 High Black ,129000,converse
35707, Converse x Play Comme des Garcons Chuck 70 Ox Blue Quartz ,198000,converse
23422, Converse Run Star Hike Hi Black White Gum ,109000,converse
321249, Converse Run Star Trainer Egret Black ,129600,converse
184736, Converse x Play Comme des Garcons Chuck 70 Ox Multi Heart Egret ,198000,converse
277939, Converse x Feng Chen Wang Chuck 70 Ox 2-in-1 Black ,189000,converse
29254, Converse Chuck 70 High Rush Blue ,95000,converse
42249, Converse One Star Ox Black ,99000,converse
30291, Converse Chuck 70 High Midnight Clover ,95000,converse
21621, Converse Chuck Taylor All Star Hi Black ,59000,converse
30256, Converse Chuck 70 Ox Midnight Clover ,89000,converse
176639, Converse One Star Pro Ox Black White ,99000,converse
75039, Converse x Stussy Chuck 70 High Plumeria ,129000,converse
130341, Converse x Ader Error Chuck 70 Ox Imperial Blue ,139000,converse
270879, Converse Chuck 70 Ox Seasonal Color Pink ,0,converse
130338, Converse x Ader Error Chuck 70 High White ,175000,converse
252398, Converse x Stussy Chuck 70 Hi Sky Blue ,129000,converse
35706, Converse x Play Comme des Garcons Chuck 70 Ox Steel Gray ,198000,converse
193805, Converse One Star Pro Classic Suede Phantom Violet ,99000,converse
30637, Converse Chuck 70 Ox Vintage Canvas Rush Blue ,89000,converse
29044, Converse Chuck 70 High Vintage Canvas White ,95000,converse
192316, Converse Chuck Taylor All Star Leather Ox Black Mono ,98000,converse
9126, Converse Chuck Taylor All Star Ox Optical White ,55000,converse
327060, Converse One Star Pro Flower Light Orchid ,109000,converse
252399, Converse x Stussy Chuck 70 Ox Poppy Red ,125000,converse
35705, Converse x Play Comme des Garcons Chuck 70 Hi Blue Quartz ,198000,converse
121861, Converse Chuck 70 Ox Vintage Canvas Pinstripe White ,95000,converse
28719, Converse Chuck Taylor All Star Hi Leather Black ,69000,converse
226440, Converse Chuck 70 Leather Black ,109000,converse
277940, Converse x Feng Chen Wang Chuck 70 Ox 2-in-1 Egret ,189000,converse
82783, Converse x Stussy One Star Pro Ox 8 Ball Green ,119000,converse
52012, Converse x Drkshdw Drkstr Chuck 70 High Black ,209000,converse
313064, Converse Run Star Trainer Black Egret ,135700,converse
277575, Converse x Play Comme des Garcons Chuck 70 Ox Steel Gray ,198000,converse
236248, Converse Chuck 70 Ox Vintage Canvas Enamel Red ,95000,converse
302266, Converse x Drkshdw DBL Drkstar Overdye Chuck 70 Hi Concrete ,259200,converse
184727, Converse Eddie Cernicky One Star Pro Ox Kinetic Blue ,99000,converse
196712, Vans Carver Low Sand Beige ,114700,vans
9127, Vans Slip-On Checkerboard ,72000,vans
196711, Vans Carver Low Black ,114700,vans
42130, Vans Authentic Red ,59000,vans
70910, Vans ComfyCush Old Skool Black True white ,0,vans
46265, Vans Old Skool Platform Black White ,126600,vans
305701, Vans Authentic Black ,0,vans
24014, Vans Checkerboard Comfycush One Black ,109000,vans
9115, Vans Style 36 Marshmallow Racing Red ,69000,vans
12595, Vans Authentic Black White ,69000,vans
111185, Vans Knu-Skool Black True White ,0,vans
32285, Vans Authentic 44 DX Anaheim Factory Black ,79000,vans
32644, Vans Old Skool Black Gum ,69000,vans
297598, Vans Era Black ,105500,vans
33688, Vans Checkerboard Comfycush One Marshmallow ,109000,vans
374344, Vans x CDG OTW Old Skool Black ,125000,vans
28264, Vans Vault OG Authentic LX Red ,89000,vans
241321, Vans Authentic Corduroy Blue ,118000,vans
36575, Vans Authentic 44 DX Anaheim Factory Classic White ,85000,vans
24889, Vans Era Leopard True White ,115200,vans
213528, Vans Authentic Color Theory Dazzling Blue ,75000,vans
32671, Vans Vault OG Authentic LX Navy ,89000,vans
18448, Vans Old Skool Black ,85000,vans
372177, Vans Skate Half Cab Charcoal ,150000,vans
302334, Vans Authentic Wave Washed Red ,75000,vans
362564, Vans x Mark SBTG Authentic Black ,105000,vans
13450, Vans Authentic White ,72000,vans
168594, Vans Style 36 Marshmallow Black ,0,vans
24325, Vans Style 36 Marshmallow Dress Blues ,69000,vans
298296, Vans Old Skool Canvas Black True White ,85000,vans
259842, Vans Old Skool Wave Washed Red ,89000,vans
39522, Vans Authentic 44 DX Anaheim Factory Racing Red ,79000,vans
41281, Vans Classic Slip-On Platform Checkerboard ,69000,vans
154543, Vans ComfyCush Authentic Black True White ,75000,vans
348136, Vans Classic Slip-On Theory Checkerboard Dark Purple ,0,vans
100315, Vans Authentic Suede Marshmallow Black ,79000,vans
48825, Vans Classic Slip-On Black ,69000,vans
24328, Vans Vault OG Old Skool LX Black ,99000,vans
224472, Vans Authentic Marshmallow Gum ,69000,vans
123370, Vans ComfyCush One Checkerboard Racing Red Marshmallow ,118900,vans
23764, Vans Style 36 Marshmallow Jolly Green ,69000,vans
323764, Vans x BAPE Sk8-Mid Reissue 83 LX Black ,179000,vans
288895, Vans x Mark SBTG Old Skool Incense ,95000,vans
230099, Vans Half Cab 33 DX Anaheim Factory OG Smoke Black ,105000,vans
216178, Vans x IAB Studio Half Cab Black Purple ,119000,vans
65213, Vans Authentic True White ,69000,vans
42531, Vans Authentic 44 DX Anaheim Factory Dress Blues ,85000,vans
372204, Vans Skate Half Cab Dark Brown Black ,0,vans
312541, Vans Authentic Wave Washed Black ,75000,vans
296776, Vans Old Skool Wave Washed Black ,89000,vans
261734, Asics Unlimited Gel-Kayano 14 Carrier Grey Black ,179000,asics
97779, (W) Asics Gel-Kayano 14 White Midnight ,179000,asics
154837, Asics Jog 100 S White Black - 2E Wide (Korea Exclusive) ,89000,asics
36038, Asics Jog 100 2 Black ,79000,asics
129482, Asics Gel-Kayano 14 Cream Black ,179000,asics
261753, Asics Unlimited Gel-Kayano 14 Oyster Grey Clay Grey ,179000,asics
227052, Asics Gel-Kayano 14 Black Pure Silver ,179000,asics
99049, Asics Gel-Venture 6 Feather Grey Black ,109000,asics
261754, Asics Unlimited Gel-Kayano 14 Smoke Grey ,179000,asics
56582, Asics Gel-Sonoma 15-50 Black ,129000,asics
328190, Asics Jog 100 2 Black - 4E Extra Wide ,79000,asics
259795, Asics Gel-1130 White Cloud Grey ,109000,asics
304929, Asics Gel-Nimbus 10.1 Piedmont Grey Pure Silver ,189000,asics
95203, (W) Asics Gel-1130 White Midnight ,99000,asics
99156, Asics Gel-Venture 6 Carrier Grey ,109000,asics
119424, Asics Gel-1130 White Black ,119000,asics
45562, Asics Jog 100 S Black - 2E Wide ,79000,asics
421248, Asics Gel-Nimbus 10.1 Black Midnight ,189000,asics
436948, Asics x Juliana Salazar Gel-Kayano 14 Eucalyptus Vanilla Ice ,219000,asics
436226, Asics x Haven Gel-Nimbus 10.1 Black ,229000,asics
369417, Asics x Cecilie Bahnsen Gel-Terrain Black ,339000,asics
267751, Asics Life Walker 010 Grey - 3E Wide ,79000,asics
213441, Asics Gel-Kayano 14 Birch Dark Pewter ,179000,asics
424509, Asics GT-2160 Black Pure Silver ,139000,asics
330928, Asics Life Walker 010 Coffee - 3E Wide ,0,asics
61862, (W) Asics Gel-1130 Cream Pure Silver ,109000,asics
354545, (W) Asics Gel-1130 Cream Clay Grey ,109000,asics
418984, Asics Novablast 5 White Piedmont Grey ,159000,asics
94616, Asics Gel-1090 Blue Grey ,0,asics
153967, Asics Gel-1130 Steel Grey Pure Silver ,109000,asics
304930, Asics Gel-Nimbus 10.1 Ocean Haze Pure Silver ,189000,asics
358616, Asics Gel-Nunobiki Cream Dark Olive ,119000,asics
433210, Asics Novablast 5 Black Carrier Grey - 2E Wide ,201600,asics
50998, Asics Jog 100 S Sheet Rock - 2E Wide ,79000,asics
380550, Asics Gel-Kayano 14 White Black ,179000,asics
261733, Asics Unlimited Gel-Kayano 14 White Fawn ,179000,asics
355995, Asics Gel-Nimbus 10.1 Black Grand Shark ,189000,asics
414409, Asics Gel-Kayano 14 Birch Pure Silver ,179000,asics
178192, Asics Gel-Kayano 14 Black Glacier Grey ,179000,asics
267753, Asics Life Walker 010 Black - 3E Wide ,79000,asics
358615, Asics Gel-Nunobiki Black Taupe Grey ,119000,asics
366013, Asics Gel-Venture 6 Shield Black ,149000,asics
118274, Asics Winjob CP215 Black ,129000,asics
106939, Asics Jog 100 S Steel Grey - 2E Wide ,79000,asics
410214, Asics Novablast 5 Greyish Purple Coral Reef ,159000,asics
242158, Asics Novablast 4 Black Graphite Grey - 2E Wide ,201600,asics
418892, Asics Novablast 5 Black Carrier Grey ,201600,asics
65628, Asics Gel-1090 Piedmont Grey ,150700,asics
194711, Asics Life Walker 101 Black Charcoal Grey - 3E Wide ,65700,asics
436224, Asics Metaspeed Edge Paris Illuminate Mint Black ,299000,asics
