product_id,name,original_price,brand
435348, (W) Nike Air Superfly Metallic Silver and Black ,119000,nike
24137, Nike P-6000 Metallic Silver ,120172900,nike
18402, (W) Nike Air Force 1 '07 Low Triple Black ,90129700,nike
397368, Nike x Travis Scott Zoom Field Jaxx White and Light Chocolate ,209000,nike
402232, Nike Shox R4 Metallic Silver Red ,179000,nike
137241, Nike V2K Run Summit White Metallic Silver ,139000,nike
316783, Nike x Peaceminusone Air Force 1 Low Para-Noise 3.0 Black and Multicolor ,239000,nike
266659, Nike V2K Run Black Anthracite ,139000,nike
183515, Nike Court Vision Low Sail Light Orewood Brown ,80121000,nike
41193, Nike Dunk Low Retro Grey Fog ,139000,nike
218041, (W) Adidas Ozgaia Core Black ,80121000,adidas
41205, Adidas Spezial Handball Collegiate Navy ,139000,adidas
76368, (J) Adidas Superstar Black White ,109000,adidas
48974, Adidas Superstar 82 Black White ,16000151400,adidas
196266, (W) Adidas Samba OG Cream White Core Black ,139000,adidas
427800, (W) Adidas x Taqwa Bint Ali Megaride Mary Jane Iron Metallic Cyber Metallic ,200288200,adidas
377231, Adidas x Song for the Mute Country OG Bronze Strata Wild Brown ,179000,adidas
50676, Adidas Spezial Handball Core Black ,139000,adidas
329970, Adidas Stan Smith Decon Core Black ,179000,adidas
140265, (W) Adidas Spezial Handball Clear Pink ,139000,adidas
12831, Nike Air Force 1 '07 Low White ,139000,nike
21935, Nike Air Force 1 '07 WB Flax ,169000,nike
441592, Nike Kobe 6 Protro Sail ,209000,nike
36, Nike Air Force 1 '07 Low Triple Black ,139000,nike
250825, (W) Nike Shox R4 Black ,179000,nike
219423, (W) Nike Air Force 1 '07 WB Flax Wheat ,18920179000,nike
13100, (W) Nike Air Force 1 '07 Low White ,139000,nike
266889, Nike V2K Run Metallic Silver White ,139000,nike
179981, (W) Nike Air Force 1 '07 Cacao Wow ,169000,nike
21441, (W) Nike Shox TL Black and Max Orange ,209000,nike
15251, Adidas Samba OG Cloud White ,139000,adidas
82296, Adidas Tobacco Gruen Dark Brown ,139000,adidas
15248, Adidas Samba OG Black White Gum ,139000,adidas
26344, Adidas Superstar Core Black White ,139000,adidas
96970, Adidas Tobacco Pantone Mesa ,139000,adidas
216830, Adidas VL Court 2.0 Cream Brown ,NaN,adidas
122782, Adidas Bermuda Glow Pink ,139000,adidas
350536, Adidas Samba OG Cream White Dark Brown ,139000,adidas
377230, Adidas x Song for the Mute Country OG Core Black Cream White ,179000,adidas
15889, Adidas Gazelle Triple Black ,80115300,adidas
28029, Nike Dunk Low Retro Black ,139000,nike
23632, Nike x Supreme Air Force 1 Low White ,118170000,nike
23626, Nike x Supreme Air Force 1 Low Black ,118170000,nike
229964, Nike V2K Run Light Orewood Brown Khaki ,139000,nike
181385, Nike V2K Run Black Anthracite ,139000,nike
250821, (W) Nike Shox R4 White Metallic Silver ,179000,nike
422165, Nike Kobe 5 Protro Year of the Mamba Eggplant ,239000,nike
178268, (W) Nike Cortez Sail Cacao Wow ,139000,nike
138416, Nike Zoom Vomero 5 SP Black ,189000,nike
9655, Nike x J.Crew Killshot 2 Sail Midnight Navy ,109000,nike
300622, (W) Adidas Taekwondo Core Black Cloud White ,139000,adidas
47058, Adidas Spezial Handball Light Blue ,139000,adidas
367655, Adidas Stadt Grey Three Grey Five ,109000,adidas
86123, Adidas Tobacco Gruen Cream White Bliss ,139000,adidas
278102, Adidas Spezial Handball Night Indigo ,139000,adidas
252533, Nike Zoom Vomero 5 Photon Dust Gridiron ,189000,nike
381095, (W) Nike V2K Run Black Dark Smoke Grey ,NaN,nike
107805, Nike ZoomX Vaporfly Next% 3 White Grey ,299000,nike
81175, (W) Nike Zoom Vomero 5 Cobblestone and Flat Pewter ,189000,nike
211029, Nike Kobe 6 Protro Reverse ,219000,nike
97347, (W) Nike Zoom Vomero 5 Photon Dust and Metallic Silver ,189000,nike
144683, Nike P-6000 Flat Pewter Light Iron Ore ,139000,nike
78768, Nike Air Force 1 '07 LV8 Midnight Navy ,139000,nike
273000, (W) Nike Cortez Leather White Black ,119000,nike
112656, Nike ACG Moc Summit White and Black ,109000,nike
17745, Nike Shox R4 Black and Metallic Silver ,179000,nike
368749, Nike Zoom Fly 6 White Smoke Grey ,209000,nike
112253, Nike x Peaceminusone Kwondo1 Black and White ,229000,nike
140050, (W) Nike Shox TL White and Max Orange ,209000,nike
271895, Nike V2K Run Pure Platinum Light Iron Ore ,139000,nike
270425, Nike Cortez White Black ,90129700,nike
23879, Nike Air Zoom Spiridon Cage 2 Metallic Silver ,NaN,nike
379514, Nike Zoom Fly 6 Eliud Kipchoge ,219000,nike
306363, (W) Nike Shox TL Pure Platinum and Metallic Silver ,209000,nike
300622, (W) Adidas Taekwondo Core Black Cloud White ,139000,adidas
47058, Adidas Spezial Handball Light Blue ,139000,adidas
367655, Adidas Stadt Grey Three Grey Five ,109000,adidas
86123, Adidas Tobacco Gruen Cream White Bliss ,139000,adidas
278102, Adidas Spezial Handball Night Indigo ,139000,adidas
91629, (W) Adidas Gazelle Bold Pink Glow Victory Blue ,139000,adidas
248287, (W) Adidas Spezial Handball Earth Strata Off White ,139000,adidas
30987, Adidas Superstar White Black ,109000,adidas
76479, Adidas Tobacco Gruen Collegiate Burgundy ,139000,adidas
382836, Adidas Originals Adiracer Lo Core Black Cloud White ,149000,adidas
187443, Adidas VL Court Base Core Black Cloud White ,NaN,adidas
293285, Adidas x Inter Miami CF Samba Core Black Light Pink ,120172900,adidas
305620, (W) Adidas Samba OG Cloud White Wonder Quartz ,100144100,adidas
216183, (W) Adidas Spezial Handball Core Black Clear Pink ,139000,adidas
312335, (W) Adidas Bermuda Preloved Brown ,NaN,adidas
216480, (W) Adidas SL 72 OG Maroon Almost Yellow ,107161900,adidas
67193, Adidas Adilette Clog Black White ,55000,adidas
168701, Adidas Spezial Handball Scarlet Cloud White ,110158500,adidas
385216, Adidas x Song for the Mute Country OG Maroon Core Black ,179000,adidas
433877, (W) Adidas Adiracer Lo Core Black Silver Metallic ,149000,adidas
349664, (W) Adidas Tokyo Black ,139000,adidas
231430, (W) Adidas Samba OG Core Black Wonder White ,139000,adidas
274107, Adidas Stadt Magic Beige ,NaN,adidas
354606, Adidas Stadt Core Black Carbon ,109000,adidas
129267, (W) Adidas Gazelle Indoor Bliss Pink ,169000,adidas
430299, Jordan 1 High 85 Bred ,299000,jordan
374148, Jordan 1 x Travis Scott Retro Low OG SP Velvet Brown and Dark Mocha ,179000,jordan
441327, Jordan 1 x Tune High 85 Bred (Special Package) ,299000,jordan
381854, Jordan 1 Retro High OG Black Toe ,219000,jordan
346516, Jordan 1 x Travis Scott Retro Low OG SP Reverse Olive ,179000,jordan
83900, Jordan 1 Retro High OG Chicago 2022 ,209000,jordan
67945, Jordan 1 x Travis Scott Retro Low OG SP Sail and Ridgerock ,189000,jordan
36237, (W) Jordan 1 Low White Wolf Grey ,139000,jordan
288640, (W) Jordan 1 x Travis Scott Retro Low OG SP Canary ,179000,jordan
389760, Jordan 1 Retro Low OG Game Royal ,169000,jordan
332894, Jordan 1 Retro Low OG Mocha ,169000,jordan
425657, Jordan 5 Retro OG Reimagined ,249000,jordan
387793, Jordan x Travis Scott Jumpman Jack TR Black and Dark Mocha ,239000,jordan
38367, Jordan 1 x Travis Scott x Fragment Retro Low OG SP Military Blue ,189000,jordan
7658, Jordan 1 Retro High OG Bred Banned 2016 ,160230600,jordan
147936, Jordan 1 Retro Low OG Black Toe ,169000,jordan
308805, Jordan 1 Retro Low OG Wolf Grey and White ,169000,jordan
89369, Jordan 1 x Travis Scott Retro Low OG SP Black Phantom ,189000,jordan
23354, Jordan 1 Mid Light Smoke Grey ,159000,jordan
343162, Jordan 1 Retro High OG Midnight Navy ,219000,jordan
45326, Jordan 1 Retro High OG Patent Bred ,199000,jordan
109984, (W) Jordan 1 x Travis Scott Retro Low OG SP Medium Olive ,179000,jordan
145303, Jordan 1 Low Kkachi ,159000,jordan
98013, Jordan 1 High 85 Black White ,239000,jordan
113527, (W) Jordan 1 Low Black and White ,139000,jordan
25922, Jordan 1 Retro High OG Black Mocha ,199000,jordan
23536, Jordan 1 Low Paris ,149000,jordan
281127, Jordan 1 Retro Low OG Shadow ,169000,jordan
8004, Jordan 1 Retro High OG Black Toe 2016 ,160230600,jordan
25785, New Balance 2002R Grey ,169000,new%20balance
23852, New Balance 993 Made in USA Grey - D Standard ,279000,new%20balance
418841, New Balance 740v2 Black Silver Metallic ,139000,new%20balance
28260, New Balance 530 Steel Grey ,129000,new%20balance
226053, New Balance 1906R Harbor Grey Silver Metalic ,179000,new%20balance
422895, New Balance 530 White Silver Metallic ,NaN,new%20balance
101218, New Balance 530 Premium Vintage Grey Matter ,159000,new%20balance
398569, New Balance x JJJJound 993 Made in USA Mushroom White ,309000,new%20balance
186600, New Balance 1906R Triple Black ,179000,new%20balance
44101, New Balance 410v5 Black - 2E Wide ,99000,new%20balance
102871, New Balance 2002R Premium Vintage Grey ,189000,new%20balance
23854, (W) New Balance 993 Made in USA Grey - B Standard ,279000,new%20balance
23928, New Balance 530 White ,119000,new%20balance
65216, New Balance 574 Legacy Navy ,149000,new%20balance
135624, New Balance 530 Grey ,139000,new%20balance
257712, New Balance x Pottery 574 Premium Hard Navy ,149000,new%20balance
16355, New Balance 993 Made in USA Black - D Standard ,200288200,new%20balance
24794, New Balance 878 Triple Black ,149000,new%20balance
385699, New Balance 1906R Pistachio Butter Morel ,219000,new%20balance
429528, New Balance 991v2 Made in UK Black Grey ,309000,new%20balance
16362, New Balance 991 Made in UK Navy ,259000,new%20balance
23523, New Balance 992 Made in USA Grey - D Standard ,259000,new%20balance
102872, New Balance 2002R Premium Vintage Black ,189000,new%20balance
90805, New Balance 530 White Silver ,119000,new%20balance
380699, New Balance ML610 Dark Arctic Grey Moonrock ,159000,new%20balance
63212, New Balance 990v1 Made in USA Grey White ,259000,new%20balance
65218, New Balance 574 Legacy Grey ,149000,new%20balance
89436, New Balance 530 Classic Black ,139000,new%20balance
98286, New Balance x JJJJound 991 Made in UK Grey ,319000,new%20balance
73059, New Balance 1906R White Gold ,179000,new%20balance
16361, New Balance 991 Made in UK Grey ,259000,new%20balance
41279, New Balance 878 Gray ,149000,new%20balance
29249, New Balance 2002R T2 Gray ,149000,new%20balance
65217, New Balance 574 Legacy Black ,149000,new%20balance
83887, New Balance 990v6 Made in USA Grey - D Standard ,289000,new%20balance
43144, New Balance 990v3 Made in USA Grey - D Standard ,259000,new%20balance
187659, New Balance 991v2 Made in UK Rock Ridge Alloy Sliver ,309000,new%20balance
110310, New Balance 990v1 Made in USA Green Gold ,190345000,new%20balance
218799, New Balance 2002R Premium Vintage Navy Grey ,189000,new%20balance
178079, New Balance 996 Dark Green ,139000,new%20balance
25469, New Balance 2002R Gray ,179000,new%20balance
260123, New Balance 996 Grey ,139000,new%20balance
16354, New Balance 993 Made in USA Navy - D Standard ,200288200,new%20balance
257713, New Balance x Pottery 574 Premium Soft Grey ,149000,new%20balance
366015, New Balance 509 Black ,159000,new%20balance
27986, Jordan 1 Retro High OG University Blue ,199000,jordan
236450, Jordan 4 Retro Bred Reimagined ,249000,jordan
66930, Jordan 1 Low Stealth and White ,129000,jordan
17628, Jordan 1 x Union Retro High Black Toe ,190273800,jordan
332043, Jordan 1 Low White Midnight Navy ,115165700,jordan
408000, (PS) Jordan 1 x Travis Scott Retro Low OG SP Velvet Brown and Dark Mocha ,79000,jordan
70263, Jordan 1 Retro Low OG Black and Dark Powder Blue ,159000,jordan
26269, Jordan 1 Mid Bred Banned 2020 ,139000,jordan
277208, Jordan 4 Retro Industrial Blue ,249000,jordan
25789, Jordan 1 Low Light Smoke Grey ,119000,jordan
23940, (W) Jordan 1 Low UNC University Blue ,119000,jordan
275805, Jordan 1 Retro High OG Green Glow ,219000,jordan
220629, Jordan 1 Retro High OG Yellow Ochre ,219000,jordan
122102, Jordan 1 Retro High Spider-Man Next Chapter ,239000,jordan
361097, Jordan 1 Retro Low OG Gym Red and Midnight Navy ,169000,jordan
428794, Jordan 1 Retro Low OG Rui Cranes ,189000,jordan
380990, Jordan 4 Retro Fear 2024 ,249000,jordan
113525, Jordan 1 Retro High OG Black and Lucky Green ,219000,jordan
408001, (TD) Jordan 1 x Travis Scott Retro Low OG SP Velvet Brown and Dark Mocha ,65000,jordan
354254, (PS) Jordan 1 x Travis Scott Retro Low OG SP Reverse Olive ,79000,jordan
13242, Converse Chuck 70 Hi Black ,99000,converse
13243, Converse Chuck 70 Ox Black ,95000,converse
23509, Converse x Play Comme des Garcons Chuck 70 Ox Black ,198000,converse
93849, Converse x Drkshdw Turbowpn Black Cream ,249000,converse
47881, Converse Chuck Taylor All Star Ox Black ,55000,converse
13494, (W) Converse Chuck Taylor All Star Lift Ox White Black ,6593600,converse
36193, Converse Chuck 70 Ox Parchment ,95000,converse
13244, Converse Chuck 70 High Parchment ,99000,converse
23510, Converse x Play Comme des Garcons Chuck 70 Ox White ,198000,converse
41992, Converse Chuck 70 Ox White ,95000,converse
92301, Converse x Ader Error Chuck 70 High White ,129000,converse
64629, Converse x Stussy Chuck 70 High Black ,129000,converse
231513, Converse Chuck 70 Leather Zip Black ,NaN,converse
42249, Converse One Star Ox Black ,99000,converse
23422, Converse Run Star Hike Hi Black White Gum ,109000,converse
29254, Converse Chuck 70 High Rush Blue ,95000,converse
277939, Converse x Feng Chen Wang Chuck 70 Ox 2-in-1 Black ,189000,converse
99598, Converse Chuck 70 High Plus Black ,109000,converse
130341, Converse x Ader Error Chuck 70 Ox Imperial Blue ,139000,converse
21621, Converse Chuck Taylor All Star Hi Black ,59000,converse
184736, Converse x Play Comme des Garcons Chuck 70 Ox Multi Heart Egret ,198000,converse
130338, Converse x Ader Error Chuck 70 High White ,175000,converse
30291, Converse Chuck 70 High Midnight Clover ,95000,converse
35707, Converse x Play Comme des Garcons Chuck 70 Ox Blue Quartz ,198000,converse
193805, Converse One Star Pro Classic Suede Phantom Violet ,99000,converse
196712, Vans Carver Low Sand Beige ,12100114400,vans
70910, Vans ComfyCush Old Skool Black True white ,NaN,vans
196711, Vans Carver Low Black ,12100114400,vans
42130, Vans Authentic Red ,59000,vans
9127, Vans Slip-On Checkerboard ,5072000,vans
46265, Vans Old Skool Platform Black White ,84127100,vans
305701, Vans Authentic Black ,NaN,vans
9115, Vans Style 36 Marshmallow Racing Red ,69000,vans
24014, Vans Checkerboard Comfycush One Black ,109000,vans
111185, Vans Knu-Skool Black True White ,NaN,vans
32285, Vans Authentic 44 DX Anaheim Factory Black ,79000,vans
33688, Vans Checkerboard Comfycush One Marshmallow ,109000,vans
241321, Vans Authentic Corduroy Blue ,65117900,vans
374344, Vans x CDG OTW Old Skool Black ,125000,vans
12595, Vans Authentic Black White ,69000,vans
362564, Vans x Mark SBTG Authentic Black ,105000,vans
28264, Vans Vault OG Authentic LX Red ,89000,vans
